;Bulgaria;Estonia;Hungary;Latvia;Lithuania;Poland;Romania;Slovakia;Slovenia;Austria;Belgium;Croatia;Cyprus;Czech.Republic;Denmark;Finland;France;Germany;Greece;Ireland;Italy;Luxembourg;Malta;Netherlands;Portugal;Spain;Sweden;United.Kingdom
Q1-1970;;;;;;;;;;;;;;;;;;;;;0.952718226;;;;;;;1.900314608
Q2-1970;;;;;;;;;;;;;;;;;;;;;0.784427249;;;;;;;1.34756105
Q3-1970;;;;;;;;;;;;;;;;;;;;;0.436682844;;;;;;;1.099997334
Q4-1970;;;;;;;;;;;;;;;;;;;;;0.703188108;;;;;;;1.485329365
Q1-1971;;;;;;;;;;;;;;;;;;0.203544958;;;0.645640854;;;;;;;1.223623121
Q2-1971;;;;;;;;;;;;;;;;;;0.119301925;;;1.00542441;;;;;;;1.872749904
Q3-1971;;;;;;;;;;;;;;;;;;0.590884327;;;2.059963754;;;;;;;2.290088437
Q4-1971;;;;;;;;;;;;;;;;;;-0.66689218;;;1.894379864;;;;;;;1.535639327
Q1-1972;;;;;;;;;;;;;;;;;;-0.448054284;;;2.45775701;;;;;;;1.113866179
Q2-1972;;;;;;;;;;;;;;;;;;-0.010563085;;;2.000562526;;;;;;;0.736074761
Q3-1972;;;;;;;;;;;;;;;;;;0.256025372;;;0.854107582;;;;;;;-0.390482142
Q4-1972;;;;;;;;;;;;;;;;;;0.680830189;;;0.172717673;;;;;;;-0.199163952
Q1-1973;;;;;;;;;;;;;;;;;;0.278045073;;;-0.698055857;;;;;;;-0.874386442
Q2-1973;;;;;;;;;;;;;;;;;;1.37503652;;;-1.715247688;;;;;;;-0.779458815
Q3-1973;;;;;;;;;;;;;;;;;;1.974073616;;;-2.198000946;;;;;;;-1.470893012
Q4-1973;;;;;;;;;;;;;;;;;;1.137197958;;;-2.836233674;;;;;;;-2.189559068
Q1-1974;;;;;;;;;;;;;;;;;;2.669291019;;;-4.182966046;;;;;;;-3.379556188
Q2-1974;;;;;;;;;;;;;;;;;;2.18672598;;;-4.733948384;;;;;;;-3.904234217
Q3-1974;;;;;;;;;;;;;;;;;;1.975045579;;;-4.620013188;;;;;;;-3.258141168
Q4-1974;;;;;;;;;;;;;;;;;;2.705767723;;;-3.920306536;;;;;;;-3.376080483
Q1-1975;;;;;;;;;;;;;;;;;0.897969736;1.522013305;;;0.611426428;;;;;-4.064498931;;-2.256272819
Q2-1975;;;;;;;;;;;;;;;;;1.220322632;0.581301218;;;0.398309512;;;;;-3.733349016;;-1.402455072
Q3-1975;;;;;;;;;;;;;;;;;0.842738873;0.649893633;;;-0.434649115;;;;;-3.503866985;;-1.522259987
Q4-1975;;;;;;;;;;;;;;;;;0.144149566;0.12928179;;;-1.434683776;;;;;-3.426494063;;-0.55637199
Q1-1976;;;;;;;;;;;;;;;;-4.809843299;-0.322304419;1.133352374;;;-1.428336332;;;;;-3.533427445;;-0.360593625
Q2-1976;;;;;;;;;;;;;;;;-3.544155642;-0.863565585;0.770946799;;;-2.04181666;;;;;-4.330661125;;-0.756328171
Q3-1976;;;;;;;;;;;;;;;;-2.914404567;-1.523074937;1.012568615;;;-1.082989528;;;;;-4.936831795;;-0.799224405
Q4-1976;;;;;;;;;;;;;;;;-2.614639222;-1.307790779;0.430873336;;;-1.056585956;;;;;-4.056262877;;-0.902213562
Q1-1977;;;;;;;;;;;;;;;;-1.711893027;-0.611368768;0.843965988;;;-0.277318604;;;0.592535694;;-3.025787513;;-0.866552632
Q2-1977;;;;;;;;;;;;;;;;-2.099855703;-0.465089412;0.979842338;;;0.7729673;;;0.229635133;;-3.133073669;;-0.686662589
Q3-1977;;;;;;;;;;;;;;;;-1.110663607;-0.122491685;-0.184895;;;1.61779738;;;1.794865336;;-1.077418767;;0.585435176
Q4-1977;;;;;;;;;;;;;;;;-0.294582688;0.769431314;1.291323202;;;1.567600838;;;1.010998744;;-0.7117051;;0.508195348
Q1-1978;;;;;;;;;;;;;;;;-0.166104187;0.90862127;1.365196124;;;1.842833723;;;0.539140244;;-0.254373894;;0.478296131
Q2-1978;;;;;;;;;;;;;;;;0.828535188;1.436202605;1.289592375;;;2.07248832;;;0.22409097;;0.937936896;;0.921095547
Q3-1978;;;;;;;;;;;;;;;;0.969131693;1.651694301;1.610334907;;;2.127464216;;;-0.741917488;;1.191883593;;0.340913002
Q4-1978;;;;;;;;;;;;;;;;1.592879575;1.641667771;1.422902954;;;2.371889273;;;-0.998992392;;1.246289992;;0.597373258
Q1-1979;;;;;;;;;;;;;;;;1.806247667;1.365875021;0.631542715;;;3.019562608;;;-1.068452126;;1.368478092;;-0.406007001
Q2-1979;;;;;;;;;;;;;;;;1.666540669;0.857722137;-0.536167841;;;2.279279717;;;-0.65156679;;1.267214203;;-0.086503114
Q3-1979;;;;;;;;;;;;;;;;0.75491666;0.901679333;-1.017919229;;;0.992863335;;;-0.860043157;;-0.329386396;;0.10359332
Q4-1979;;;;;;;;;;;;;;;;-0.333704457;0.225309391;-1.79636337;;;-0.114344453;;;-1.390736722;;-1.0018084;;-0.51082759
Q1-1980;;;;;;;;;;;;;;;;-0.998586269;-0.533682936;-1.323299986;;;-1.42140157;;;-1.364107931;;-2.05522876;-3.945196547;-0.03367719
Q2-1980;;;;;;;;;;;;;;;;-1.913295155;-0.469321354;-1.611578213;;;-2.491961256;;;-2.025096483;;-2.434345104;-4.921978362;0.382857434
Q3-1980;;;;;;;;;;;;;;;;-2.503535435;-0.805409691;-2.068863137;;;-3.026671935;;;-1.810953157;;-3.378443518;-3.060354718;1.935230185
Q4-1980;;;;;;;;;;;;;;;;-2.368610236;-0.737198887;-2.731214018;;;-2.895763165;;;-1.57295478;;-2.275399457;-1.574636881;2.812082341
Q1-1981;;;;;;;;;;;;;;;;-1.656966549;-0.551397294;-2.47596495;;;-3.478912087;;;-0.471616412;;-3.033522519;-2.664524011;3.500430047
Q2-1981;;;;;;;;;;;;;;;;-1.204830799;-0.250754457;-1.264086866;;;-2.552454339;;;0.335693236;;-3.058531949;-1.736558569;3.106798758
Q3-1981;;;;;;;;;;;;;;;;-0.674069403;-1.057854334;-0.906025115;;;-1.807009134;;;0.949988203;;-1.655835203;-2.412618073;1.735623828
Q4-1981;;;;;;;;;;;;;;;;-0.646915614;-1.390466981;1.396048213;;;-1.956905681;;;2.750733463;;-2.774475858;-2.747111607;1.719422974
Q1-1982;;;;;;;;;;;;;;;;-0.580003134;-0.749181207;0.10347289;;;-2.203641248;;;3.888908828;;-1.899586841;-2.668193897;1.291561637
Q2-1982;;;;;;;;;;;;;;;;-0.524828133;-3.211787767;0.910696215;;;-1.350068911;;;4.818289694;;-2.547466752;-1.913680174;1.222500553
Q3-1982;;;;;;;;;;;;;;;;-0.836054841;-2.733990392;0.764994455;;;-1.845909651;;;4.925307946;;-2.587536767;-3.455968694;1.461740452
Q4-1982;;;;;;;;;;;;;;;;-1.344618625;-1.992184676;1.606110837;;;-1.253104068;;;3.970347969;;-2.860642283;-4.98404195;1.931178883
Q1-1983;;;;;;;;;;;;;;;;-1.962808254;-2.020239442;1.371516853;;;0.048026156;;;3.676718261;;-3.16230328;-1.627563144;1.515927945
Q2-1983;;;;;;;;;;;;;;;;-2.150400259;-0.942409031;0.762167369;;;0.221169084;;;3.566374681;;-2.164558213;0.380636115;0.944356437
Q3-1983;;;;;;;;;;;;;;;;-2.102722742;-0.438850306;0.084143046;;;0.22013608;;;3.636952474;;-1.142307258;-1.16820735;1.382165428
Q4-1983;;;;;;;;;;;;;;;;-1.7310992;-0.03956911;0.349560901;;;-0.055998103;;;3.795771013;;-0.461241237;-0.750292633;0.584521017
Q1-1984;;;;;;;;;;;;;;;;-1.077265486;-0.219505956;1.221591056;;;-0.278874647;;;3.887957248;;0.512555259;1.410514781;0.8546873
Q2-1984;;;;;;;;;;;;;;;;-0.687254487;-0.360329021;0.648493072;;;-0.7676318;;;4.059575226;;1.581647918;0.15051921;0.05526994
Q3-1984;;;;;;;;;;;;;;;;-0.36367306;0.273522138;1.132075809;;;-1.092912352;;;4.338801316;;1.256100311;0.151268388;-0.047299814
Q4-1984;;;;;;;;;;;;;;;;0.058987079;-0.180365792;3.089946334;;;-1.204654626;;;4.709181397;;0.715597812;1.002460312;0.621816418
Q1-1985;;;;;;;;;;;;;;;;-0.390562861;-0.494545447;1.858053119;;;-1.531891731;;;4.689243842;;0.788470734;-4.269013752;-0.223786805
Q2-1985;;;;;;;;;;;;;;;;-0.546277941;0.170080263;2.802113824;;;-1.164132055;;;4.325076809;;1.01723574;-1.345527086;0.971908084
Q3-1985;;;;;;;;;;;;;;;;-0.290525349;-0.211951343;2.97216284;;;-0.867768711;;;4.193615205;;1.821163349;0.326990187;1.096101712
Q4-1985;;;;;;;;;;;;;;;;-1.05419088;0.263169946;3.536342115;;;-0.499972715;;;3.940134665;;2.442040921;0.929711142;0.60672582
Q1-1986;;;;;;;;;;;;;;;;-1.549201204;0.481833229;3.679174092;;;-0.121948271;;;3.644730485;;2.096918906;-0.566163798;0.597971809
Q2-1986;;;;;;;;;;;;;;;;-1.457903348;0.250126716;4.2148352;;;0.359341045;;;3.984928452;;2.01844433;0.010293921;0.002155236
Q3-1986;;;;;;;;;;;;;;;;-1.739342779;0.187011254;4.796996149;;;0.804806807;;;3.74148214;;1.718569498;0.965092069;-0.607474236
Q4-1986;;;;;;;;;;;;;;;;-0.781593214;0.34680908;4.524263993;;;0.27437127;;;2.599494644;;1.065668902;-0.258139523;-0.371406133
Q1-1987;;;;;;;;;;;;;;;;-0.567798232;-0.30311315;4.138105851;;;0.170643958;;;1.58266283;;0.666282033;-0.394013299;-0.615663627
Q2-1987;;;;;;;;;;;;;;;;-0.922779689;-0.403369201;3.945840013;;;-0.451625088;;;1.42983417;;0.455881054;0.174343491;-1.468141105
Q3-1987;;;;;;;;;;;;;;;;-0.809700434;-0.452610901;3.661875354;;;-0.381178607;;;1.371469023;;-0.01759057;0.215575954;-1.929211995
Q4-1987;;;;;;;;;;;;;;;;-1.615526942;-0.649391243;4.127717553;;;-0.666814736;;;1.828053838;;-0.880600017;-0.063928215;-2.566660872
Q1-1988;;;;;;;;;;;;;;;;-1.615682167;-0.116483185;3.507624982;;;-0.702893551;;;2.364502457;;-0.605487465;-0.987166561;-3.454840623
Q2-1988;;;;;;;;;;;;;;;;-1.790005806;-0.371494243;5.140743284;;;-0.51525855;;;2.248226959;;-0.637165303;0.156344715;-3.504077684
Q3-1988;;;;;;;;;;;;;;;;-2.414761038;-0.580863296;4.319248743;;;-1.264645543;;;2.520886208;;-1.180821547;0.020124244;-3.79499495
Q4-1988;;;;;;;;;;-0.183525493;;;;;;-2.086372225;-0.616532194;5.041218957;;;-1.190067997;;;2.990971336;;-1.930604672;-0.359475836;-4.792366827
Q1-1989;;;;;;;;;;-0.316285063;;;;;;-2.252506985;-0.352897941;5.570098246;;;-1.786759263;;;3.652862951;;-2.074228766;-0.70113367;-4.473859582
Q2-1989;;;;;;;;;;-0.416310467;;;;;;-2.713468457;-0.529980241;5.009258057;;;-1.544301578;;;3.904618914;;-2.922791349;-1.348505047;-4.917566945
Q3-1989;;;;;;;;;;-0.011922565;;;;;;-3.112626194;-0.237546627;4.889333684;;;-1.33470409;;;3.846723546;;-3.347993438;-1.30017545;-5.280337152
Q4-1989;;;;;;;;;;0.212260348;;;;;;-3.90208542;-0.535257282;3.841344626;;;-1.252338218;;;4.040640089;;-2.928996921;-2.691825637;-4.323356675
Q1-1990;;;;;;;;;;0.519417123;;;;;;-4.148856614;-0.463825195;5.008423991;;;-1.663425668;;;3.713379279;;-3.580156245;-2.351441707;-4.587721426
Q2-1990;;;;;;;;;;0.700969659;;;;;;-4.241887085;-0.950985903;3.298044884;;;-1.257815694;;;2.935396581;;-3.503881446;-1.642040988;-4.231260064
Q3-1990;;;;;;;;;;0.758480546;;;;;;-3.999936455;-0.853481452;3.138197133;;;-1.228188221;;;3.109469287;;-3.345620736;-3.799549721;-3.096945609
Q4-1990;;;;;;;;;;0.78097615;;;;;;-4.102245515;-1.036391619;1.178228445;;;-1.65952777;;;2.852297298;;-3.679842697;-2.741114946;-2.673068235
Q1-1991;;;;;;;;;;0.642920414;;;;;;-4.627612377;-1.119059609;-2.11906619;;;-1.546398994;;;2.945062794;;-3.260188858;-2.044039555;-2.230290839
Q2-1991;;;;;;;;;;0.303047879;;;;;;-4.784950847;-0.508053695;-1.897030869;;;-2.17735713;;;3.289545211;;-3.706495858;-1.181588654;-1.428141582
Q3-1991;;;;;;;;;;0.103319399;;;;;;-4.59857392;-0.339505353;-0.769691609;;;-2.37929366;;;3.01436757;;-4.000306328;-3.316521327;-1.641494837
Q4-1991;;;;;;;;;;0.034489816;;;;;;-4.504049518;-0.180927194;-1.14064762;;;-2.06156656;;;2.583526132;;-3.708211636;-1.1169759;-1.328929837
Q1-1992;;;;;;;;;;0.484375326;;;;;;-4.566970469;-0.08211962;-1.359042799;;;-2.385458374;;;2.404117795;;-3.979989907;-3.260042083;-1.727742005
Q2-1992;;;;;;;;;;0.678118759;;;;;;-4.528967767;0.453037641;-1.41863171;;;-2.376079114;;;2.010303739;;-4.26175431;-4.149502426;-1.888288061
Q3-1992;;;;;;;;;;0.357795774;;;;;;-4.593402563;-0.010929513;-0.352850842;;;-2.478917304;;;1.942457994;;-3.555678915;-3.65814495;-2.052847831
Q4-1992;;;;;;;;;;-0.050906265;;;;;;-4.505166264;0.557186647;-1.78871355;;;-1.986097804;;;2.091828737;;-2.323608417;-2.331658457;-1.784003964
Q1-1993;;;;;;;;;;0.057925953;;;;;;-4.261702525;0.197478621;-0.655918678;;;-0.465323092;;;1.650871179;;-1.733752956;-3.260279427;-1.756088937
Q2-1993;;;;;;;;;;-0.346427646;;;;;;-3.584468736;0.51481476;-1.084081668;;;0.371442171;;;2.139719951;;-1.20006281;-2.549999621;-1.853576869
Q3-1993;;;;;;;;;;-0.289660614;;;;;;-2.740234536;1.230717348;-1.328303062;;;0.960263978;;;2.811509645;;-0.741012579;-0.700006295;-1.618908839
Q4-1993;;;;;;;;;;-0.302704782;;;;;;-1.447782967;0.91406049;-1.220444189;;;1.895017684;;;3.990386397;;-0.713274935;-1.319538001;-1.341537167
Q1-1994;;;;;;;;;;-0.243317156;;;;;;-0.127416563;0.823975145;-1.421202403;;;1.417300175;;;4.751109578;;-0.883140215;0.154909917;-1.258051488
Q2-1994;;;;;;;;;;-0.351124093;;;;;;0.831837156;0.458829403;-1.038502131;;;1.274926682;;;5.198301573;;-1.082322996;0.123537044;-0.929863729
Q3-1994;;;;;;;;;;-0.534415628;;;;;;1.466125097;0.605519612;-1.725001506;;;1.292419693;;;5.32137287;;-1.472812189;0.185998518;-0.539022445
Q4-1994;;;;;;;;;;-1.03901136;;;;;;1.127492277;0.664151832;-2.000624453;;;1.497125185;;;4.9636413;;-1.460183637;0.831301459;-0.773538511
Q1-1995;;-5.441172812;-5.182324719;;;;;;0.119047032;-1.670009449;;;;-2.137886574;;1.804458551;0.837429613;-1.344479255;;;2.054578258;;;5.370574812;;-0.796555135;1.400627968;-0.477854746
Q2-1995;;-6.158264513;-4.574155077;;;;;;-0.553580854;-2.199721421;;;;-2.535022219;;2.357228224;0.921916546;-1.19635407;;;2.385496622;;;5.652758434;;-0.616195941;1.911152444;-1.392993683
Q3-1995;;0.616883372;-2.799571371;;;;;;0.06685235;-2.75081455;;;;-1.171056509;;2.53160003;0.471411429;-1.329592079;;;2.220151019;;;5.96990497;;-0.346974295;2.071282962;-1.408476873
Q4-1995;;-3.981813172;-1.260130448;;;;;;-0.454531495;-2.774892838;;;;-3.265208643;;4.044631936;0.880241563;-1.265417318;;;2.250516511;11.60539044;;6.004288021;;0.152586406;2.092898473;-0.98940121
Q1-1996;;-4.711073619;-2.031683386;;;;;;-1.012880669;-2.88976204;;;;-4.649799853;;3.792989152;1.301856577;-0.780564831;;;2.850838735;11.93953185;;5.953090307;-3.878924464;-0.28092401;2.579056164;-1.226003482
Q2-1996;4.1551386;-4.665573173;-2.500805638;-5.411478097;-5.104454877;;-6.719187778;;-0.718067304;-2.932776818;;;;-5.66791122;;3.979989008;0.812401976;-1.115929335;;;3.141494871;10.16670079;;5.243649907;-4.515586315;-0.315250157;1.922722114;-0.865903338
Q3-1996;6.541513071;-6.60890248;-4.010666349;-5.228988665;-5.432661994;;-7.476784164;;-0.450215203;-3.130368057;;;;-7.707945653;;4.124443236;1.462412358;-0.655784511;;;3.291249977;11.60987024;;5.177876932;-4.438380052;-0.257062414;1.96979199;-0.697829203
Q4-1996;6.99447716;-8.23765556;-5.624715669;-8.19609473;-7.036010908;;-8.114741712;;0.070945047;-2.811488157;;;;-6.482504523;;3.834152858;1.490741172;-0.265295519;;;3.061011053;10.93101275;;5.094032673;-4.761813275;-0.241226011;1.732919632;-0.368241131
Q1-1997;11.45706751;-9.060799014;-4.632575717;-7.76532438;-8.5131819;;-6.261781186;;-0.22642561;-3.075733447;;;;-7.604709045;;3.887556693;2.246111069;-1.656378875;;;3.104030404;9.914828775;;5.201102848;-5.901903016;0.147314312;2.752670978;-0.043229172
Q2-1997;6.633931684;-9.260119848;-3.676293873;-9.610440679;-7.969902216;;-6.240172253;;-0.112777715;-2.824973489;;;;-7.251018398;;3.874499647;2.879843519;-0.490295725;;;2.458228478;10.60980398;;5.813876188;-5.184915416;0.023472043;2.594176535;0.012676036
Q3-1997;3.137985032;-10.41051596;-3.873530207;-7.637429974;-6.321092846;;-6.061244459;;-0.367109237;-2.797506163;;;;-5.108222729;;4.503020016;2.417701417;-0.274962583;;;2.456611613;9.611691004;;6.027057832;-6.43426691;0.049007494;3.229600132;-0.193171297
Q4-1997;4.164167059;-11.15232498;-3.700410223;-6.033881079;-7.815654517;;-7.491494679;;0.114734662;-2.478405485;;;;-3.206563587;;5.168684137;2.882236168;0.28617324;;2.272476451;2.581005087;10.44689064;;6.605246282;-6.904195155;-0.598534611;2.649433783;-0.471365939
Q1-1998;0.806743864;-10.99079473;-5.617926865;-10.36379514;-8.757045967;;-6.469074461;;-0.209535476;-2.188092268;;;;-2.657488267;;5.579583389;2.503274336;-0.997400384;;2.46982781;1.68686107;11.67618728;;5.59975058;-7.694860352;-0.499078609;3.478014568;-0.528093737
Q2-1998;2.21345314;-11.44862716;-6.843008771;-10.78340303;-7.865004815;;-7.910314094;;-0.174909498;-1.897934721;;;;-0.462900957;;5.541738167;2.301317975;-0.392286265;;2.533134071;2.152389457;12.24500202;;5.149564034;-7.274327816;-0.722463854;2.927766548;-0.459891765
Q3-1998;-0.24045254;-10.87515436;-7.396445892;-13.84383562;-11.42512166;;-9.991193816;;0.010393714;-1.656275202;;;;-1.132271678;;5.397861947;2.53692665;-0.758292144;;1.769557521;1.889912419;11.17935997;;4.197182562;-6.661238796;-1.11483382;4.184006243;-0.104188269
Q4-1998;-2.738220568;-8.617733833;-7.592480014;-13.27078904;-7.113722501;;-6.812462841;;-0.66771883;-1.651025591;;;;-3.225849434;;5.205354724;2.7714519;-0.765004215;;0.799820829;1.180758261;9.242393016;;3.279494093;-8.740155005;-2.509499669;3.75136968;-0.604478689
Q1-1999;-6.211220188;-7.293537247;-7.500985788;-10.61562934;-7.542330216;;-5.020998095;;-0.524046828;-1.609243544;;;;-3.210471719;1.927276951;4.94502811;2.874970414;-1.852045421;;1.064060861;1.195783269;7.634718528;;3.60965474;-7.564681096;-2.60092705;3.503866364;-1.834526376
Q2-1999;-6.805446864;-6.454612375;-8.569524762;-10.00257118;-9.521858427;;-4.162377883;;-2.689188011;-1.797394845;;;;-1.630066622;1.919326105;4.969524446;3.828829665;-0.743830552;;0.708236269;0.980889838;6.09634134;;4.159909524;-8.04699593;-3.328958879;4.237184652;-2.170227523
Q3-1999;-5.818883258;-4.131838001;-7.386519039;-9.778100846;-8.032765997;;-3.194959184;;-2.985474518;-1.850064203;;;;-1.061723525;1.631423495;5.018533736;3.737062429;-1.602456805;;0.053291941;0.485143427;7.788050663;;3.965415077;-9.342145996;-3.696273413;3.572653849;-2.66470359
Q4-1999;-4.050312847;-4.287201606;-6.816727899;-8.919475002;-10.93234861;;-4.109565446;;-3.264320319;-1.66611092;;;;-3.017583589;1.742958295;5.341936381;3.002086234;-1.483443792;-5.865099299;0.24819509;0.156941096;8.360235213;;3.90348867;-10.42745265;-3.910291071;4.508601504;-2.512680011
Q1-2000;-7.017260802;-3.25667736;-8.210031787;-7.782891159;-10.24961666;-5.980445332;-3.010558477;;-3.819211566;-1.221314173;;-1.763753806;;-4.260747205;1.321551623;6.441599807;0.414487663;-0.899458388;-7.310837857;-0.287053508;0.101635538;15.39478441;;3.671286597;-11.69383892;-4.335321926;3.480748174;-2.085019358
Q2-2000;-3.300767607;-2.771479401;-6.794821824;-6.78276777;-8.325340459;-6.058692555;-3.078241558;;-2.137998056;-0.998975566;;-1.089453748;;-3.612530265;0.902685831;6.207397362;2.163420749;-1.324415477;-7.839110069;0.244263608;-0.655394781;17.00285401;;2.754271453;-11.20146312;-4.362487508;3.864687894;-2.218349399
Q3-2000;-3.600992206;-4.667568939;-9.38671658;-5.839356119;-6.916981264;-5.40326815;-5.346920704;;-2.861747818;-0.758850034;;-4.327938305;;-3.93448664;1.297820425;7.327291963;1.320754284;-2.442425044;-7.496037961;0.033361123;-0.641411272;15.74891917;;1.694122804;-9.775197388;-4.852956528;4.145312036;-1.940929509
Q4-2000;-6.028175185;-5.409347248;-10.04359008;-4.871091792;-5.90414183;-5.588077643;-3.536492455;;-2.784269335;-0.733905911;;-3.864124867;;-5.590595944;1.468706099;7.776292598;1.182218001;-2.318329954;-7.691976664;-0.358753279;-0.794388296;2.078987433;-11.35112755;2.044693272;-10.60986251;-4.26627097;6.551411236;-2.449535277
Q1-2001;-4.87890316;-6.557996693;-6.783925518;-4.87915234;-5.791102406;-3.74518248;-6.293970096;;-1.637436397;-0.922381607;;-3.653183136;;-6.476088499;2.687535045;8.175612368;1.356308592;-0.868117011;-7.213694532;-0.415935684;-0.183117282;15.64377048;-11.36664134;1.917763235;-10.10839651;-4.649661274;6.787935816;-1.974058523
Q2-2001;-9.985723434;-6.969383407;-7.403839445;-5.063347489;-5.286081313;-4.007682016;-6.009151689;;-1.499370442;-1.200382374;;-5.67058807;;-5.011862936;3.202205173;8.255910122;0.985479984;-1.019970892;-6.878018356;-0.876646745;-0.285178025;3.588235208;-9.750393507;1.625900241;-11.73906527;-4.522932477;4.69920473;-2.06741574
Q3-2001;-12.04555823;-6.934387305;-4.714968099;-5.924402632;-4.344381052;-2.752745644;-3.067394638;;-0.429163875;-1.015395006;;-1.628336564;;-4.709571508;3.176504679;7.789944595;1.804589761;-0.073759385;-7.044507945;-0.539830123;-0.36474061;5.784066089;-8.417687842;3.004412455;-10.6221121;-4.189053417;6.627659949;-2.036477883
Q4-2001;-9.91573894;-7.10681727;-4.30950191;-7.607712661;-4.681157897;-2.905338216;-6.867681676;;0.030119056;-0.817923643;;-2.353815862;;-3.015777352;3.003537649;8.353849578;1.760423308;0.486778752;-7.159118633;-0.644125657;0.330543294;8.406824766;-3.453159202;2.600222008;-9.280389153;-4.146368961;6.848979672;-2.161897491
Q1-2002;-9.27480449;-8.73997933;-5.754771142;-7.591212471;-4.557549393;-3.228478164;-4.31793675;;-0.164590297;0.40987039;5.930568599;-5.699202138;;-5.530793751;2.251032985;8.217194408;1.469420793;1.459108172;-6.822133234;-0.819646535;-0.030823237;16.71982251;-2.020363532;2.9538313;-8.756106867;-3.785233794;4.659174998;-1.988946728
Q2-2002;-5.752985518;-9.993208367;-4.888435501;-8.411779475;-5.078222838;-2.988569669;-3.501394527;;0.480538203;1.286187834;5.079943681;-6.039858085;;-3.776620022;2.324071577;8.441133144;1.151798355;1.510855056;-7.12669001;-1.789096897;-0.793650766;19.2802856;-0.514621911;2.462587362;-9.002356006;-3.752095208;5.984129003;-2.567285853
Q3-2002;-5.965101993;-10.36477456;-5.987829479;-8.298076121;-5.238048756;-2.797162291;-3.428043698;;0.897399976;1.88751021;4.708278607;-9.840424574;;-5.731797528;2.27517985;8.579193824;1.137527103;2.678420607;-5.967454132;-1.705638108;-0.794644287;-2.00318827;1.942492188;2.316705362;-8.724811958;-3.725530175;5.286206384;-1.895665247
Q4-2002;-8.490379686;-11.13741028;-8.112956329;-6.641320411;-5.102468408;-2.780226759;-2.309021827;;0.862451038;2.662686265;4.473622491;-6.414808356;;-4.984294332;2.484935369;8.457952188;0.91561112;1.851365084;-6.19992077;-0.99068927;-1.387936207;3.670679084;2.25139014;2.643299643;-7.455178135;-3.839769273;3.224640212;-1.82427406
Q1-2003;-7.655380146;-11.52153038;-7.791524559;-7.158544476;-4.912430251;-3.024097629;-4.258922274;;0.581689829;2.483783002;3.488178642;-6.087970336;;-3.959819993;2.654370432;7.513714083;1.005529454;0.849383736;-6.800645362;-0.982321298;-1.479852248;-0.53108;0.667648329;2.473596916;-6.629331528;-3.896781074;5.899102563;-1.509276788
Q2-2003;-10.97499433;-11.52209493;-8.041497971;-7.403179889;-5.492458017;-2.097468762;-6.656505896;;0.089846207;2.32061017;4.404190759;-6.807087101;;-5.142613525;2.821262026;6.816451262;0.472045282;0.797215957;-6.593096667;0.018369071;-1.587841902;0.691533105;-1.833428587;4.076877167;-6.945619599;-3.656710241;6.892109068;-1.740964114
Q3-2003;-9.901731206;-12.24605299;-8.091590943;-7.832224243;-6.380513575;-2.680976258;-5.275243679;;-0.500076935;1.920741575;3.690707873;-3.749424437;;-5.734282263;3.251682018;5.938777484;0.77401771;1.940308684;-6.524329504;-0.03341064;-1.08785124;14.26618551;-2.677740089;4.635672191;-7.490988378;-4.131585506;7.470398091;-1.755872242
Q4-2003;-9.797254462;-12.92256109;-7.548297406;-8.116400313;-6.733922738;-3.091526604;-7.145661624;;-0.817555774;1.681807968;3.418719854;-7.968520527;;-7.708083378;3.447929933;4.828373336;1.208485501;2.007876742;-6.531880309;-0.00142212;-0.810111326;11.54813093;-2.94289716;5.542567801;-7.58882481;-4.09874929;7.098978026;-1.991343288
Q1-2004;-11.08428828;-13.09449798;-7.287483312;-9.103217819;-7.582055815;-4.418800519;-7.452638973;-8.794083784;-0.963144667;1.933104472;3.634965485;-5.723692477;;-4.844350222;3.673020506;5.272891107;0.625574517;4.281152565;-6.266769472;0.450286438;-0.583227669;17.58173118;-5.138270303;6.634833921;-7.428726843;-4.641647166;5.539159966;-1.956070415
Q2-2004;-12.21784562;-14.62943142;-9.633426898;-11.6660761;-8.114529684;-5.944378396;-7.168334063;-10.46801511;-1.513028026;2.282958649;3.43198148;-3.368542837;;-4.229218524;3.681473386;4.946287105;0.845628019;5.129337289;-6.174793583;0.279205169;-0.84276809;3.226927905;-5.655509294;6.949997205;-7.666131715;-5.537770905;7.677877774;-2.04613495
Q3-2004;-7.966741347;-12.10583737;-8.881815049;-12.73586823;-8.652152612;-4.959849318;-8.818900303;-11.15275796;-2.126583021;2.292163813;3.453963393;-4.992143696;;-5.431769256;3.190498018;5.219319846;0.339649464;4.017856829;-5.829760324;-0.037098185;-0.753867721;10.80917823;-3.450989388;7.105151723;-8.75977209;-6.03862517;6.944860631;-2.108117445
Q4-2004;-12.50836725;-11.30582348;-7.712319374;-12.81653215;-7.637958162;-4.357174643;-9.505669126;-10.37976151;-2.693522565;2.063842558;3.181398415;-4.454950386;;-2.215345609;3.014265204;6.19805472;-0.08119325;4.373237149;-5.784660179;-0.577905719;-1.438668333;16.16145046;-6.014565445;7.627895045;-9.462542376;-6.217772068;6.132958278;-1.237115247
Q1-2005;-13.4439003;-11.74697704;-7.866402658;-12.98127798;-7.069948797;-3.064816807;-8.298396221;-10.05425424;-2.799187771;2.046684204;2.874055638;-4.943609158;;-0.817914774;2.50991442;5.714477282;0.063065602;4.855128604;-6.364085315;-1.810044839;-1.413572339;10.57988535;-6.351637309;7.9237035;-9.619530645;-7.102731519;6.32682834;-1.325806544
Q2-2005;-13.22308209;-10.24005479;-6.610197232;-11.20776193;-6.489008288;-2.236208165;-8.183514319;-10.59460844;-1.804503902;1.767362625;3.469470878;-6.292464946;;-2.014268663;2.978122058;4.625897285;0.259156332;4.757187821;-6.474249217;-2.472020454;-1.613786124;6.167407193;-6.04111031;8.070193633;-9.826040917;-7.432075541;6.677299165;-0.990858909
Q3-2005;-17.59496905;-11.20765153;-6.996618613;-11.13571365;-6.559683876;-3.008053759;-9.056677304;-8.786093819;-1.169056661;1.549615939;2.751680989;-4.873592667;;-0.94384994;3.696358491;4.371843766;-0.016024075;4.686262788;-6.838272844;-2.96251521;-1.640618681;15.9813223;-5.405471702;8.098461708;-10.32309311;-7.516428563;7.400931709;-1.244117973
Q4-2005;-15.1764571;-9.971614585;-7.022933189;-12.45355889;-7.064631255;-2.793344179;-8.864746927;-10.87526212;-1.792323111;2.004131283;1.974393198;-6.512466915;;0.103649845;4.343931136;3.351383798;-0.101814225;4.136612054;-7.431797622;-3.493008779;-1.889766201;11.6588224;-6.397290957;7.400561348;-9.802565435;-7.778793224;6.823320976;-1.408288394
Q1-2006;-16.36471677;-11.14712689;-7.645140525;-13.67179055;-8.086994926;-3.638711096;-8.263837083;-11.23918042;-1.614682849;2.083048836;1.395606184;-7.391885202;;-0.78766567;4.309535899;3.442061675;0.245291155;5.051692269;-9.085303781;-3.575520512;-2.267446662;7.432776521;-7.066377312;8.153054253;-11.97088961;-8.485806458;8.78628322;-1.869021966
Q2-2006;-14.92984386;-12.37471701;-6.666505812;-15.70745292;-8.379026317;-3.670798496;-9.86082929;-10.03457121;-1.221923088;2.115933442;0.607029062;-6.888688043;;-2.275114676;3.683907776;4.420189278;0.027375151;5.207588477;-10.3374365;-3.630361197;-2.487041011;4.970098965;-8.443458449;8.635658797;-10.63714857;-8.474385098;7.172171545;-2.070797359
Q3-2006;-18.00607191;-13.59523412;-7.209222041;-18.89839791;-9.494690767;-4.05351313;-11.55759419;-12.03892;-1.970066652;2.24379158;1.084509144;-6.874397293;;-1.344157427;3.565401272;4.62305609;-0.023545228;5.422557378;-10.83890636;-3.535056366;-2.613495924;16.13714617;-5.608171345;9.09351757;-10.56627651;-9.088343385;7.978577238;-2.259099878
Q4-2006;-18.52411629;-15.33145663;-6.87378003;-22.35302802;-10.5841305;-5.333921174;-11.46665828;-9.686389695;-1.753687825;2.801943576;1.860238999;-5.958334577;;-3.705760664;2.978033987;4.156933008;0.097796055;6.926929621;-11.38857045;-3.550080258;-2.384035387;11.47381825;-2.88068503;9.336635716;-9.560713807;-9.445739917;9.12677047;-2.726248723
Q1-2007;-24.38196327;-16.69094502;-6.540175752;-24.07999555;-11.64275175;-5.887843596;-13.01530617;-7.635683643;-1.679930524;2.993644799;2.473138572;-6.471753217;;-2.876108145;1.997110737;3.838788769;0.267131084;6.787581327;-11.65033066;-4.195196737;-2.18783986;5.648601828;0.628593935;8.944718661;-8.228398719;-9.010718551;9.160691116;-2.451233511
Q2-2007;-22.89224294;-16.74637067;-7.962191208;-24.7064234;-13.86012395;-6.610232136;-12.78992807;-6.818612755;-2.858277305;3.536875655;3.150562099;-6.729300333;;-4.456544541;1.809960841;3.449698347;-0.10394061;6.494113296;-12.14641035;-4.464252645;-2.408463516;9.208135829;-0.812562943;7.892653707;-9.108143619;-9.38545031;8.420530489;-2.213843551
Q3-2007;-23.55539519;-16.96171662;-6.560005752;-24.60913115;-14.10320868;-6.209765412;-13.93976702;-5.518649789;-3.62739049;3.461584957;2.893966234;-7.235091075;;-5.283318143;1.141637913;3.992969225;-0.502761413;6.726391223;-13.077745;-4.660717676;-2.171527532;10.59026482;-2.665630953;6.861528947;-10.27207091;-10.17254261;8.061316152;-2.895423291
Q4-2007;-23.40598033;-15.94956577;-6.263319951;-22.305431;-14.43669454;-6.474730208;-15.66380648;-5.907048174;-4.164758934;3.51033048;1.616068371;-8.71005484;;-4.367369368;1.359764051;4.264110549;-1.028431855;6.885465716;-14.60929087;-5.338121261;-2.563068971;13.87115289;-3.635715987;6.72014943;-11.30965991;-10.120127;9.834762119;-2.581171185
Q1-2008;-23.10921996;-14.87893827;-7.087327542;-20.55372898;-15.85762132;-6.12897065;-13.39757598;-6.526135173;-4.857537994;4.167662006;1.052991836;-9.628005852;-14.75616428;-1.879069795;1.732086709;4.401538445;-1.010556002;6.580077748;-14.55856294;-5.586378024;-2.711712548;6.95000616;-1.245243321;6.058968831;-11.23559187;-10.25495432;10.01136134;-2.946263933
Q2-2008;-23.75116238;-13.36929351;-6.093252358;-18.58913016;-15.78236258;-6.596998342;-14.17500082;-7.461143814;-5.251801702;4.163673588;1.119987857;-10.12615766;-15.30370901;-3.065753461;2.198479374;3.939159952;-1.255680963;6.340918984;-15.18751999;-5.911632024;-2.259366726;11.17013987;-5.336684928;5.640171306;-12.46423181;-10.11209709;7.667501255;-3.687051454
Q3-2008;-21.06931562;-11.47196743;-7.244523464;-15.71414543;-15.17538964;-6.217120596;-12.02583194;-6.577257594;-5.571984774;4.964879004;-0.651804106;-8.205775237;-14.00846011;0.397626931;2.840670103;2.93990803;-1.000685583;5.00741648;-15.48716968;-6.65729527;-3.162654263;8.637064981;0.008743178;5.676827092;-13.21477064;-8.700216594;8.859534917;-3.825071499
Q4-2008;-19.6463205;-9.153029066;-6.832809153;-13.136689;-12.94020849;-6.09955644;-8.065154076;-6.232597164;-5.445806591;4.865527959;-1.641573439;-6.890614745;-18.76967108;-2.987873112;2.880797966;2.614945872;-0.904207337;4.419217867;-14.9218682;-5.641625347;-3.353124534;3.743344084;-3.698954668;4.288446561;-11.63537347;-7.630154708;7.80233029;-4.328181227
Q1-2009;-14.4985559;-6.014876277;-3.062945442;-9.273995271;-8.918079077;-4.266508904;-4.737625846;-7.094577435;-4.914459211;4.086996608;-2.316595586;-5.639539508;-8.314212135;-3.679835383;3.207494928;1.745671374;-0.844485109;4.558244017;-14.1239639;-4.837667107;-2.446830361;10.24030747;-9.030533288;3.511378307;-10.72638426;-5.667080803;5.919142074;-4.060415325
Q2-2009;-10.64106798;-3.358097238;-1.582072177;-2.4560881;-4.360823724;-4.466550401;-4.713921724;-4.906088716;-3.414316272;3.660240549;-3.839110702;-5.079510332;-9.458661963;-3.220589117;3.177597756;1.70512082;-1.289795851;5.212238342;-12.96813282;-4.155124963;-2.183436565;16.78710499;-0.680371717;3.831832633;-9.277777246;-3.914919836;8.168296693;-3.638959545
Q3-2009;-7.561744803;0.201356749;0.041801804;3.336167204;-0.545527141;-3.729905164;-4.552677806;-3.986857766;-2.27681031;3.078107929;-2.449015626;-4.653046565;-8.179293521;-1.281794373;3.070871247;1.191525337;-0.310564618;6.173337926;-12.16089843;-2.681626496;-1.980582496;4.796202375;-9.593716601;3.96097642;-10.06301237;-3.841136564;5.221741561;-2.33922561
Q4-2009;-2.647588193;2.734484869;1.203809799;8.671914393;3.735195276;-4.309379081;-5.64327154;-2.590364613;-0.487013218;2.710441677;-0.639036719;-3.992046123;-6.7541671;-0.966441182;3.3973618;1.769008461;-1.104726309;6.915435898;-11.1730963;-2.318781063;-1.754669709;-1.875229845;-5.717655101;5.176062173;-11.71814067;-4.212469261;4.431531132;-2.151653649
Q1-2010;-2.905836821;3.202736018;-0.002393297;10.55267661;3.374807998;-5.239800429;-7.463234759;-1.692581723;0.121126759;2.900462927;-0.380436525;-1.273979804;-9.674583118;-2.283060786;3.977122634;1.531094137;-0.653975305;5.621454653;-12.05914857;-1.52050014;-2.836406118;8.042374539;-2.863246737;6.229576341;-10.03824097;-3.876444184;6.062055222;-2.47701816
Q2-2010;-1.543209087;2.967230749;0.434274492;8.366790738;3.878902609;-4.447755661;-5.949032953;-1.647428365;-0.515554693;3.200408999;1.252338601;-0.23232374;-12.83430025;-0.872011448;4.45860553;1.791438996;-1.179817935;5.149322636;-10.88076476;-0.861545745;-3.302354345;5.431322154;-0.748666378;6.337812093;-11.51540244;-4.528117492;6.729662902;-2.372951311
Q3-2010;0.677309475;2.973783605;0.611535878;5.847200792;2.408986073;-6.214326497;-4.043340247;-3.256457896;0.033403715;3.290303328;2.263913487;-3.247747632;-12.04571964;-8.006050231;5.202970443;1.509074462;-0.790314678;5.491014917;-10.64211894;0.220707981;-3.618602566;7.267263321;-9.900341714;6.9249103;-9.650656349;-4.127127184;4.910484296;-2.847172854
Q4-2010;-1.564019767;2.839025206;0.298995428;2.966012355;0.070216159;-6.095490621;-3.067921213;-3.722266118;-0.140695025;3.415563396;1.924725471;-1.090547811;-9.213192039;-3.042009356;5.840628379;1.515946375;-1.024838607;6.213832698;-10.13092744;1.127157956;-4.020973491;6.710545847;-4.589336223;7.382210641;-9.555339698;-3.379045931;6.353395524;-2.625982388
Q1-2011;0.511038648;1.793289016;0.707882933;1.158813063;-0.348498448;-5.178921718;-4.3115878;-3.524404093;-0.09331176;2.776355334;1.856053881;-1.781291396;-8.563798061;-1.647006648;6.31305548;1.398597482;-1.628375375;6.212694455;-9.297369481;0.945545864;-3.89187366;5.033059162;-4.832049694;7.672676145;-7.445253254;-3.766393969;6.35397853;-1.660607858
Q2-2011;0.551163174;1.772426743;0.151117372;-0.455220588;-2.060827884;-6.080446522;-6.559303299;-4.569049604;0.426831193;2.255488861;0.94558038;-1.292555895;-3.057610449;-6.358953961;6.316720832;0.553847822;-0.700517704;5.478229487;-10.19386448;1.401961198;-3.381330412;4.296833531;-7.547278968;8.176695988;-8.564043465;-2.939815516;5.987240978;-1.12729229
Q3-2011;-1.061384012;1.878175264;0.418166597;-1.998765372;-1.927574574;-5.284803843;-4.900597492;-4.15875372;0.346434579;1.68667761;-0.66296475;-0.382704083;-5.161170709;0.313654273;6.096149359;0.556271299;-1.040239721;6.244374191;-9.982194584;1.505151792;-2.961654576;3.432583437;3.148281304;8.553367242;-4.640136594;-3.036214286;7.096208132;-2.333194029
Q4-2011;-0.701865031;1.794479411;1.413265498;-2.166864253;-3.718648427;-5.370064283;-3.972239375;-3.762234007;0.404080709;1.637813441;-1.1152064;-1.018290174;-0.438479951;-0.704180679;5.945763237;-1.499750985;-0.648544564;6.416079681;-9.894681153;1.231244316;-2.101707066;11.93170518;0.541495133;9.077918761;-3.396222511;-3.121761398;5.097376057;-2.105822926
Q1-2012;-1.476337841;1.784910132;0.685455392;-3.072668943;-4.780793678;-4.556999705;-5.402681403;-2.851316155;0.268243251;1.722288861;-0.996141969;-1.415178821;-5.465996286;-2.679067634;5.287356905;-2.263795255;-1.161821911;6.584085828;-8.759575765;1.584328176;-1.417668083;9.047325878;-4.115559457;9.366868603;-4.475163702;-1.99669116;5.729332807;-2.650391111
Q2-2012;-2.323822823;0.67157784;2.502457815;-3.70645233;-2.318835309;-3.749528739;-5.071416474;-0.55699892;0.606761507;1.940990587;-1.56045629;-0.543038001;-6.529982661;1.212364526;5.646872926;-1.700532192;-1.138354689;6.795007287;-6.92713616;2.963956101;-0.503738841;3.372204825;-2.493811232;9.615829843;-1.669182453;-1.016156529;5.863656779;-3.686348742
Q3-2012;-0.563026661;-0.53066053;1.986467142;-2.709666463;-2.07473693;-3.646219143;-5.253161441;0.89070042;1.552336664;2.48960862;-1.373217061;0.015656362;-2.869838494;-1.981727126;5.993285139;-1.783810351;-1.045499327;7.241586136;-4.4168943;3.332043783;-0.201065575;7.394396909;2.304325145;9.567751336;-1.206497357;0.402928329;5.842845523;-3.243625568
Q4-2012;0.352679535;-1.785803422;1.012667313;-2.466371818;-0.20575075;-2.495048673;-3.353496454;2.194006389;2.905301081;2.387267054;-1.94065233;0.943021608;-7.948509485;-2.745063282;5.979085636;-1.42717962;-1.315151443;6.540137489;-2.386920773;4.448031766;0.310283724;4.630152491;5.28297651;9.536855664;-0.243430455;1.490920633;6.078685744;-3.63547492
Q1-2013;0.385596493;-1.391521973;4.075688775;-2.090561364;1.354193638;-2.257315948;-2.082058683;2.624509197;4.299779777;2.779519148;-2.782092437;1.312765368;-5.383490778;-3.702981819;6.2017694;-0.85068791;-0.866504672;6.002943147;-1.275114848;5.626391335;0.442770534;-0.089210774;4.526336242;10.52093377;0.465363348;1.457329341;6.048054383;-4.257911499
Q2-2013;2.709998508;-0.49618801;3.359527955;-0.937465536;1.138211878;-0.930482395;1.530780175;3.1286371;5.345990149;2.948741573;-3.007190936;0.905047593;-6.899592761;1.414491378;6.36906946;-0.848369221;-0.407764251;6.64009185;-0.530954812;5.659086177;0.827019868;14.0278732;5.038596941;10.62843464;2.757944951;2.08969691;5.899324708;-3.851054678
Q3-2013;1.312799075;-1.314924644;3.793402979;-1.153451037;1.343458496;-1.107235957;-1.585979166;3.216086108;5.933818583;2.691847732;-2.656866355;1.028463707;-1.611862313;0.206243318;6.491934003;-1.068736418;-1.248299789;5.830685566;0.426134664;6.353370852;0.879513145;-0.126125633;5.175390567;11.08173537;0.025599324;1.376279967;6.201382907;-4.624540102
Q4-2013;1.30390255;-1.106606972;4.09549253;-0.817720467;1.471573168;-1.946223615;-2.120662072;2.145861943;5.956156483;2.698464937;-1.896303032;0.337777691;-4.179340959;0.058335096;7.18224854;-1.072884717;-0.846156348;6.935623949;0.746316412;6.614456538;1.304950107;8.813840482;1.839025664;10.88428263;2.447933252;0.9861078;5.987738141;-4.844448489
Q1-2014;1.094135345;-1.45569534;1.115554216;-0.853648685;1.83680029;-2.238765827;-1.396860897;1.825624882;5.785473516;2.076597166;-1.017177378;0.379724621;-5.259621301;2.011001158;7.291308742;-1.379417066;-1.328898425;6.806602822;1.397352361;2.978620114;1.525790966;2.144355586;3.57684348;10.62171052;-0.784650472;0.80220663;5.361068598;-4.7066312
Q2-2014;0.71950257;-0.205246781;1.329403458;-2.442530029;1.301043405;-2.728072629;-0.913396203;0.417562468;5.803159271;1.277337885;0.596099632;0.343027578;-0.41354402;-1.381142126;6.37806242;-1.599385717;-1.777990983;6.854321712;-1.285544547;3.581822472;1.573672;5.806515518;5.707600164;9.798157797;0.720512987;0.394836089;4.335199835;-4.890180311
Q3-2014;1.064889708;0.403750245;2.929039288;-2.040304013;2.965268133;-1.723503397;-0.455143806;0.145504169;6.360891513;1.484777567;-0.1313405;-0.048126034;-9.014378308;-0.333887073;6.266061252;-1.396069034;-0.538153404;7.930587561;-1.539041404;3.508808944;1.778359336;4.753679643;2.87631885;9.819844722;0.112037012;1.062916419;5.724096805;-5.46068944
Q4-2014;0.97279334;1.027668143;2.865767247;-1.980419041;3.580224527;-1.131792585;0.927178668;0.132386706;6.988673599;1.937469131;-0.215903475;2.330873847;-3.851447757;0.637345796;6.59323369;-0.941286513;-0.083609028;7.44233383;-2.123796066;3.614465734;2.299500687;9.243028049;3.50078172;9.455467206;0.406288976;1.577835619;6.082448892;-5.262156098
Q1-2015;1.512012376;1.542757789;4.863407324;-1.631855093;2.660948743;-0.210560032;-0.338668492;0.159040859;6.770728989;2.559710961;-0.889691219;3.401770649;-4.808024206;2.219762807;7.589776474;-0.605344191;0.133487344;7.774993424;-2.816987621;4.657743886;1.900069466;3.596214044;10.17866714;9.810563952;0.718130896;1.267190815;5.719946126;-4.895893079
Q2-2015;0.946614371;2.137145742;4.592132183;-1.69045809;1.036177729;0.213719055;-1.054983748;-0.433240694;7.11757999;2.861671085;-1.019669287;4.417214186;-4.682717861;-0.305745919;6.530774962;-0.340088529;0.539755875;8.182178195;-2.210553279;4.917596712;1.914861797;6.531954596;9.167647875;9.616230801;-0.585461182;1.31998386;5.472980952;-4.570914679
Q3-2015;1.684666491;2.493067255;3.439021047;-1.790092957;-1.158492443;-0.974665736;-1.062911379;-1.424955271;7.573651033;2.980341864;-0.275299942;6.404853438;-3.303598212;0.223779652;5.757818833;0.127828065;0.331975189;8.836207382;-1.215370946;4.442658234;2.403538718;6.215169603;9.152520811;9.20288718;1.356074375;1.466087276;6.364302629;-4.321482357
Q4-2015;1.443376501;1.923659272;4.100116032;-1.226530201;-1.723594174;-0.380275241;-2.043763084;-1.301652898;7.338307624;2.561381319;-0.034409715;4.891632163;-2.113688789;1.636347281;5.125958516;0.138403629;-0.495465999;8.493968737;-0.055106539;4.448730202;2.706908202;5.741578294;11.69804993;9.123276528;0.282046549;1.738278804;6.232568575;-5.148982209
;;;;;;;;;;;;;;;;;;;;;;;;;;;;
